BigIntegerDecoder,0.0,0.0,7.0,38,1,0,0.5,0,0,NaN,0.0,0.7,0.011581834806461445,0.1,0.0,0.5,0.0,0.0,io.netty.example.factorial.BigIntegerDecoder
HttpUploadClientHandler,0.0,0.0,5.5,53,2,1,0.666666667,0,0,NaN,0.0,0.55,0.016153611703748856,0.2,0.3333333333333333,0.666666667,0.0,0.0,io.netty.example.http.upload.HttpUploadClientHandler
WebSocketServerHandler,0.0,0.0,4.142857142857143,119,7,2,0.875,0,2,NaN,0.0,0.4142857142857143,0.03626943005181347,0.7,0.6666666666666666,0.875,0.0,0.25,io.netty.example.http.websocketx.server.WebSocketServerHandler
SecureChatClientHandler,0.0,1.0,1.0,16,2,0,0.666666667,0,0,NaN,1.0,0.1,0.0048765620237732395,0.2,0.0,0.666666667,0.0,0.0,io.netty.example.securechat.SecureChatClientHandler
SpdyFrameLogger,0.0,0.0,2.0,54,4,1,0.8,0,1,NaN,0.0,0.2,0.016458396830234683,0.4,0.3333333333333333,0.8,0.0,0.125,io.netty.example.spdy.client.SpdyFrameLogger
HttpSnoopClientHandler,0.0,0.0,4.5,45,2,0,1.0,0,0,NaN,0.0,0.45,0.013715330691862237,0.2,0.0,1.0,0.0,0.0,io.netty.example.http.snoop.HttpSnoopClientHandler
SocksServerInitializer,0.0,1.0,1.0,9,1,0,1.0,0,1,NaN,1.0,0.1,0.0027430661383724473,0.1,0.0,1.0,0.0,0.125,io.netty.example.socksproxy.SocksServerInitializer
MsgEchoPeerOne,0.0,1.0,1.0,19,1,0,0.5,1,2,NaN,1.0,0.1,0.005790917403230723,0.1,0.0,0.5,1.0,0.25,io.netty.example.udt.echo.rendezvous.MsgEchoPeerOne
Http2SettingsHandler,0.0,0.0,2.3333333333333335,40,2,1,0.333333333,0,0,NaN,0.0,0.23333333333333334,0.0121914050594331,0.2,0.3333333333333333,0.333333333,0.0,0.0,io.netty.example.http2.helloworld.client.Http2SettingsHandler
TelnetServerHandler,0.0,0.0,1.75,50,4,0,0.8,0,0,NaN,0.0,0.175,0.015239256324291375,0.4,0.0,0.8,0.0,0.0,io.netty.example.telnet.TelnetServerHandler
ByteEchoPeerHandler,0.0,0.0,1.2,39,4,1,0.8,0,0,NaN,0.0,0.12,0.011886619932947273,0.4,0.3333333333333333,0.8,0.0,0.0,io.netty.example.udt.echo.rendezvousBytes.ByteEchoPeerHandler
MsgEchoPeerTwo,0.0,1.0,1.0,19,1,0,0.5,1,2,NaN,1.0,0.1,0.005790917403230723,0.1,0.0,0.5,1.0,0.25,io.netty.example.udt.echo.rendezvous.MsgEchoPeerTwo
ByteEchoPeerOne,0.0,1.0,1.0,22,1,0,0.5,1,2,NaN,1.0,0.1,0.006705272782688205,0.1,0.0,0.5,1.0,0.25,io.netty.example.udt.echo.rendezvousBytes.ByteEchoPeerOne
HttpHelloWorldServerHandler,0.0,0.0,2.0,36,3,1,1.0,0,0,NaN,0.0,0.2,0.01097226455348979,0.3,0.3333333333333333,1.0,0.0,0.0,io.netty.example.http.helloworld.HttpHelloWorldServerHandler
Http2Server,0.0,1.0,1.0,45,2,1,0.666666667,0,0,NaN,1.0,0.1,0.013715330691862237,0.2,0.3333333333333333,0.666666667,0.0,0.0,io.netty.example.http2.tiles.Http2Server
SctpMultiHomingEchoServer,0.0,1.0,1.0,50,1,1,0.5,0,0,NaN,1.0,0.1,0.015239256324291375,0.1,0.3333333333333333,0.5,0.0,0.0,io.netty.example.sctp.multihoming.SctpMultiHomingEchoServer
LocalEchoServerHandler,0.0,1.0,1.0,19,3,0,1.0,0,0,NaN,1.0,0.1,0.005790917403230723,0.3,0.0,1.0,0.0,0.0,io.netty.example.localecho.LocalEchoServerHandler
SocksServerConnectHandler,0.0,0.0,1.75,115,2,1,1.0,0,2,NaN,0.0,0.175,0.03505028954587016,0.2,0.3333333333333333,1.0,0.0,0.25,io.netty.example.socksproxy.SocksServerConnectHandler
SctpEchoServerHandler,0.0,1.0,1.0,23,3,0,0.75,0,0,NaN,1.0,0.1,0.007010057909174032,0.3,0.0,0.75,0.0,0.0,io.netty.example.sctp.SctpEchoServerHandler
ObjectEchoClientHandler,0.0,0.0,1.2,42,4,1,0.8,0,1,NaN,0.0,0.12,0.012800975312404754,0.4,0.3333333333333333,0.8,0.0,0.125,io.netty.example.objectecho.ObjectEchoClientHandler
Http1RequestHandler,0.0,0.0,1.6666666666666667,30,2,0,0.666666667,1,1,NaN,0.0,0.16666666666666669,0.009143553794574825,0.2,0.0,0.666666667,1.0,0.125,io.netty.example.http2.tiles.Http1RequestHandler
HexDumpProxyBackendHandler,0.0,1.0,1.1666666666666667,39,4,1,1.0,0,1,NaN,1.0,0.11666666666666667,0.011886619932947273,0.4,0.3333333333333333,1.0,0.0,0.125,io.netty.example.proxy.HexDumpProxyBackendHandler
EchoServer,0.0,0.0,2.0,51,1,1,0.5,0,0,NaN,0.0,0.2,0.015544041450777202,0.1,0.3333333333333333,0.5,0.0,0.0,io.netty.example.echo.EchoServer
HttpSnoopServerInitializer,0.0,0.0,1.5,23,1,1,1.0,0,1,NaN,0.0,0.15,0.007010057909174032,0.1,0.3333333333333333,1.0,0.0,0.125,io.netty.example.http.snoop.HttpSnoopServerInitializer
MemcacheClientHandler,0.0,0.0,2.6666666666666665,53,3,0,0.75,0,0,NaN,0.0,0.26666666666666666,0.016153611703748856,0.3,0.0,0.75,0.0,0.0,io.netty.example.memcache.binary.MemcacheClientHandler
ByteEchoServerHandler,0.0,1.0,1.0,27,4,0,0.8,0,0,NaN,1.0,0.1,0.008229198415117342,0.4,0.0,0.8,0.0,0.0,io.netty.example.udt.echo.bytes.ByteEchoServerHandler
MsgEchoClientHandler,0.0,0.0,1.2,40,4,1,0.8,0,1,NaN,0.0,0.12,0.0121914050594331,0.4,0.3333333333333333,0.8,0.0,0.125,io.netty.example.udt.echo.message.MsgEchoClientHandler
Http2ClientInitializer,0.0,0.0,1.0909090909090908,113,8,2,0.666666667,0,4,NaN,0.0,0.10909090909090909,0.034440719292898506,0.8,0.6666666666666666,0.666666667,0.0,0.5,io.netty.example.http2.helloworld.client.Http2ClientInitializer
FactorialServerInitializer,0.0,0.0,1.5,33,1,1,0.5,0,3,NaN,0.0,0.15,0.010057909174032308,0.1,0.3333333333333333,0.5,0.0,0.375,io.netty.example.factorial.FactorialServerInitializer
PortUnificationServer,0.0,1.0,1.0,39,1,1,0.5,0,0,NaN,1.0,0.1,0.011886619932947273,0.1,0.3333333333333333,0.5,0.0,0.0,io.netty.example.portunification.PortUnificationServer
FileServerHandler,0.0,0.0,3.0,45,3,0,1.0,0,0,NaN,0.0,0.3,0.013715330691862237,0.3,0.0,1.0,0.0,0.0,io.netty.example.file.FileServerHandler
Http2ExampleUtil,0.0,0.0,2.75,58,3,1,0.0,0,0,NaN,0.0,0.275,0.017677537336177995,0.3,0.3333333333333333,0.0,0.0,0.0,io.netty.example.http2.Http2ExampleUtil
DiscardServer,0.0,0.0,2.0,49,1,1,0.5,0,0,NaN,0.0,0.2,0.014934471197805547,0.1,0.3333333333333333,0.5,0.0,0.0,io.netty.example.discard.DiscardServer
WebSocketServerBenchmarkPage,0.0,1.0,1.0,170,1,1,0.5,0,0,NaN,1.0,0.1,0.05181347150259067,0.1,0.3333333333333333,0.5,0.0,0.0,io.netty.example.http.websocketx.benchmarkserver.WebSocketServerBenchmarkPage
ImageCache,0.0,0.0,1.75,36,3,1,0.75,0,1,NaN,0.0,0.175,0.01097226455348979,0.3,0.3333333333333333,0.75,0.0,0.125,io.netty.example.http2.tiles.ImageCache
MsgEchoServer,0.0,1.0,1.0,44,1,1,0.5,0,0,NaN,1.0,0.1,0.01341054556537641,0.1,0.3333333333333333,0.5,0.0,0.0,io.netty.example.udt.echo.message.MsgEchoServer
ByteEchoPeerTwo,0.0,1.0,1.0,22,1,0,0.5,1,2,NaN,1.0,0.1,0.006705272782688205,0.1,0.0,0.5,1.0,0.25,io.netty.example.udt.echo.rendezvousBytes.ByteEchoPeerTwo
HttpSnoopClient,0.0,0.0,10.0,72,1,1,0.5,0,2,NaN,0.0,1.0,0.02194452910697958,0.1,0.3333333333333333,0.5,0.0,0.25,io.netty.example.http.snoop.HttpSnoopClient
Launcher,0.0,1.0,2.0,33,1,0,0.5,0,3,NaN,1.0,0.2,0.010057909174032308,0.1,0.0,0.5,0.0,0.375,io.netty.example.http2.tiles.Launcher
NumberEncoder,0.0,0.0,2.0,27,1,0,0.5,0,0,NaN,0.0,0.2,0.008229198415117342,0.1,0.0,0.5,0.0,0.0,io.netty.example.factorial.NumberEncoder
TelnetServerInitializer,0.0,0.0,1.5,34,1,1,0.5,0,1,NaN,0.0,0.15,0.010362694300518135,0.1,0.3333333333333333,0.5,0.0,0.125,io.netty.example.telnet.TelnetServerInitializer
HttpSnoopServer,0.0,0.0,3.0,41,1,1,0.5,0,1,NaN,0.0,0.3,0.012496190185918927,0.1,0.3333333333333333,0.5,0.0,0.125,io.netty.example.http.snoop.HttpSnoopServer
WorldClockServer,0.0,0.0,2.0,35,1,1,0.5,0,2,NaN,0.0,0.2,0.010667479427003962,0.1,0.3333333333333333,0.5,0.0,0.25,io.netty.example.worldclock.WorldClockServer
ByteEchoClient,0.0,1.0,1.0,43,1,1,0.5,0,0,NaN,1.0,0.1,0.013105760438890583,0.1,0.3333333333333333,0.5,0.0,0.0,io.netty.example.udt.echo.bytes.ByteEchoClient
HttpStaticFileServer,0.0,0.0,3.0,37,1,1,1.0,0,1,NaN,0.0,0.3,0.011277049679975617,0.1,0.3333333333333333,1.0,0.0,0.125,io.netty.example.http.file.HttpStaticFileServer
SpdyClientInitializer,0.0,1.0,1.0,25,1,1,1.0,0,3,NaN,1.0,0.1,0.007619628162145687,0.1,0.3333333333333333,1.0,0.0,0.375,io.netty.example.spdy.client.SpdyClientInitializer
WorldClockServerHandler,0.0,0.0,1.25,41,4,0,1.0,0,8,NaN,0.0,0.125,0.012496190185918927,0.4,0.0,1.0,0.0,1.0,io.netty.example.worldclock.WorldClockServerHandler
HttpCorsServer,0.0,0.0,2.0,77,1,1,0.5,0,1,NaN,0.0,0.2,0.023468454739408718,0.1,0.3333333333333333,0.5,0.0,0.125,io.netty.example.http.cors.HttpCorsServer
ObjectEchoServer,0.0,0.0,2.0,47,1,1,0.5,0,1,NaN,0.0,0.2,0.014324900944833891,0.1,0.3333333333333333,0.5,0.0,0.125,io.netty.example.objectecho.ObjectEchoServer
SocksServer,0.0,1.0,1.0,20,1,1,1.0,0,1,NaN,1.0,0.1,0.00609570252971655,0.1,0.3333333333333333,1.0,0.0,0.125,io.netty.example.socksproxy.SocksServer
HttpStaticFileServerHandler,0.0,0.0,4.333333333333333,333,10,3,0.545454545,0,0,NaN,0.0,0.4333333333333333,0.10149344711978056,1.0,1.0,0.545454545,0.0,0.0,io.netty.example.http.file.HttpStaticFileServerHandler
QuoteOfTheMomentClientHandler,0.0,0.0,1.5,17,2,0,1.0,0,0,NaN,0.0,0.15,0.0051813471502590676,0.2,0.0,1.0,0.0,0.0,io.netty.example.qotm.QuoteOfTheMomentClientHandler
SecureChatServer,0.0,1.0,1.0,28,1,1,0.5,0,2,NaN,1.0,0.1,0.00853398354160317,0.1,0.3333333333333333,0.5,0.0,0.25,io.netty.example.securechat.SecureChatServer
HttpUploadClient,0.0,0.0,6.0,847,4,2,0.2,0,2,NaN,0.0,0.6,0.2581530021334959,0.4,0.6666666666666666,0.2,0.0,0.25,io.netty.example.http.upload.HttpUploadClient
SpdyServer,0.0,1.0,1.0,59,1,1,0.5,0,1,NaN,1.0,0.1,0.017982322462663822,0.1,0.3333333333333333,0.5,0.0,0.125,io.netty.example.spdy.server.SpdyServer
UptimeClient,0.0,1.0,1.1666666666666667,50,4,1,0.8,0,1,NaN,1.0,0.11666666666666667,0.015239256324291375,0.4,0.3333333333333333,0.8,0.0,0.125,io.netty.example.uptime.UptimeClient
WebSocketServer,0.0,0.0,3.0,55,1,1,0.5,0,1,NaN,0.0,0.3,0.01676318195672051,0.1,0.3333333333333333,0.5,0.0,0.125,io.netty.example.http.websocketx.server.WebSocketServer
RelayHandler,0.0,0.0,1.4,35,4,1,1.0,0,1,NaN,0.0,0.13999999999999999,0.010667479427003962,0.4,0.3333333333333333,1.0,0.0,0.125,io.netty.example.socksproxy.RelayHandler
HexDumpProxy,0.0,1.0,1.0,26,1,1,1.0,0,1,NaN,1.0,0.1,0.007924413288631514,0.1,0.3333333333333333,1.0,0.0,0.125,io.netty.example.proxy.HexDumpProxy
DiscardServerHandler,0.0,1.0,1.0,17,2,0,0.666666667,0,0,NaN,1.0,0.1,0.0051813471502590676,0.2,0.0,0.666666667,0.0,0.0,io.netty.example.discard.DiscardServerHandler
HttpUploadClientIntializer,0.0,0.0,1.5,27,1,1,1.0,0,1,NaN,0.0,0.15,0.008229198415117342,0.1,0.3333333333333333,1.0,0.0,0.125,io.netty.example.http.upload.HttpUploadClientIntializer
HexDumpProxyFrontendHandler,0.0,0.0,1.625,77,5,1,0.833333333,0,1,NaN,0.0,0.1625,0.023468454739408718,0.5,0.3333333333333333,0.833333333,0.0,0.125,io.netty.example.proxy.HexDumpProxyFrontendHandler
QuoteOfTheMomentServer,0.0,1.0,1.0,25,1,1,0.5,0,2,NaN,1.0,0.1,0.007619628162145687,0.1,0.3333333333333333,0.5,0.0,0.25,io.netty.example.qotm.QuoteOfTheMomentServer
MsgEchoServerHandler,0.0,1.0,1.0,27,4,0,0.8,0,0,NaN,1.0,0.1,0.008229198415117342,0.4,0.0,0.8,0.0,0.0,io.netty.example.udt.echo.message.MsgEchoServerHandler
WorldClockServerInitializer,0.0,0.0,1.5,24,1,1,1.0,0,3,NaN,0.0,0.15,0.00731484303565986,0.1,0.3333333333333333,1.0,0.0,0.375,io.netty.example.worldclock.WorldClockServerInitializer
SctpEchoClient,0.0,1.0,1.0,42,1,1,0.5,0,0,NaN,1.0,0.1,0.012800975312404754,0.1,0.3333333333333333,0.5,0.0,0.0,io.netty.example.sctp.SctpEchoClient
HttpSnoopServerHandler,0.0,0.0,4.5,150,6,1,1.0,0,0,NaN,0.0,0.45,0.04571776897287412,0.6,0.3333333333333333,1.0,0.0,0.0,io.netty.example.http.snoop.HttpSnoopServerHandler
StompClient,0.0,1.0,1.0,35,1,1,0.5,0,0,NaN,1.0,0.1,0.010667479427003962,0.1,0.3333333333333333,0.5,0.0,0.0,io.netty.example.stomp.StompClient
EchoClient,0.0,0.0,2.0,53,1,1,0.5,0,0,NaN,0.0,0.2,0.016153611703748856,0.1,0.3333333333333333,0.5,0.0,0.0,io.netty.example.echo.EchoClient
SocksServerHandler,0.0,0.0,3.0,60,3,0,1.0,0,2,NaN,0.0,0.3,0.01828710758914965,0.3,0.0,1.0,0.0,0.25,io.netty.example.socksproxy.SocksServerHandler
HelloWorldHttp2Handler,0.0,0.0,1.375,90,2,0,0.333333333,0,2,NaN,0.0,0.1375,0.027430661383724474,0.2,0.0,0.333333333,0.0,0.25,io.netty.example.http2.helloworld.server.HelloWorldHttp2Handler
Http2Client,0.0,0.0,6.0,93,1,1,0.5,0,3,NaN,0.0,0.6,0.028345016763181956,0.1,0.3333333333333333,0.5,0.0,0.375,io.netty.example.http2.helloworld.client.Http2Client
Http2RequestHandler,0.0,0.0,1.5555555555555556,83,8,1,0.888888889,0,4,NaN,0.0,0.15555555555555556,0.02529716549832368,0.8,0.3333333333333333,0.888888889,0.0,0.5,io.netty.example.http2.tiles.Http2RequestHandler
DiscardClient,0.0,0.0,2.0,46,1,1,0.5,0,0,NaN,0.0,0.2,0.014020115818348064,0.1,0.3333333333333333,0.5,0.0,0.0,io.netty.example.discard.DiscardClient
LocalEcho,0.0,0.0,2.0,74,1,1,1.0,0,0,NaN,0.0,0.2,0.022554099359951233,0.1,0.3333333333333333,1.0,0.0,0.0,io.netty.example.localecho.LocalEcho
MsgEchoPeerBase,0.0,1.0,1.0,47,1,1,0.5,0,0,NaN,1.0,0.1,0.014324900944833891,0.1,0.3333333333333333,0.5,0.0,0.0,io.netty.example.udt.echo.rendezvous.MsgEchoPeerBase
TelnetClientHandler,0.0,1.0,1.0,17,2,0,0.666666667,0,0,NaN,1.0,0.1,0.0051813471502590676,0.2,0.0,0.666666667,0.0,0.0,io.netty.example.telnet.TelnetClientHandler
DiscardClientHandler,0.0,1.0,1.1666666666666667,56,5,1,0.833333333,0,1,NaN,1.0,0.11666666666666667,0.01706796708320634,0.5,0.3333333333333333,0.833333333,0.0,0.125,io.netty.example.discard.DiscardClientHandler
SctpMultiHomingEchoClient,0.0,1.0,1.0,57,1,1,0.5,0,0,NaN,1.0,0.1,0.017372752209692168,0.1,0.3333333333333333,0.5,0.0,0.0,io.netty.example.sctp.multihoming.SctpMultiHomingEchoClient
WebSocketServerIndexPage,0.0,1.0,1.0,58,1,1,0.5,0,0,NaN,1.0,0.1,0.017677537336177995,0.1,0.3333333333333333,0.5,0.0,0.0,io.netty.example.http.websocketx.server.WebSocketServerIndexPage
HttpSnoopClientInitializer,0.0,0.0,1.5,28,1,1,1.0,0,1,NaN,0.0,0.15,0.00853398354160317,0.1,0.3333333333333333,1.0,0.0,0.125,io.netty.example.http.snoop.HttpSnoopClientInitializer
WebSocketClientHandler,0.0,0.0,2.142857142857143,66,6,1,1.0,0,0,NaN,0.0,0.21428571428571427,0.020115818348064616,0.6,0.3333333333333333,1.0,0.0,0.0,io.netty.example.http.websocketx.client.WebSocketClientHandler
MemcacheClient,0.0,0.0,4.0,68,1,1,0.5,0,0,NaN,0.0,0.4,0.02072538860103627,0.1,0.3333333333333333,0.5,0.0,0.0,io.netty.example.memcache.binary.MemcacheClient
RxtxClientHandler,0.0,0.0,1.5,17,2,0,1.0,0,0,NaN,0.0,0.15,0.0051813471502590676,0.2,0.0,1.0,0.0,0.0,io.netty.example.rxtx.RxtxClientHandler
SpdyOrHttpHandler,0.0,1.0,1.0,21,1,0,0.5,0,1,NaN,1.0,0.1,0.006400487656202377,0.1,0.0,0.5,0.0,0.125,io.netty.example.spdy.server.SpdyOrHttpHandler
WorldClockClientInitializer,0.0,0.0,1.5,24,1,1,1.0,0,4,NaN,0.0,0.15,0.00731484303565986,0.1,0.3333333333333333,1.0,0.0,0.5,io.netty.example.worldclock.WorldClockClientInitializer
HttpCorsServerInitializer,0.0,0.0,1.5,67,1,1,0.5,0,1,NaN,0.0,0.15,0.020420603474550443,0.1,0.3333333333333333,0.5,0.0,0.125,io.netty.example.http.cors.HttpCorsServerInitializer
WebSocketServerInitializer,0.0,0.0,1.5,22,1,1,0.5,0,1,NaN,0.0,0.15,0.006705272782688205,0.1,0.3333333333333333,0.5,0.0,0.125,io.netty.example.http.websocketx.server.WebSocketServerInitializer
FileServer,0.0,0.0,2.0,56,1,1,0.5,0,0,NaN,0.0,0.2,0.01706796708320634,0.1,0.3333333333333333,0.5,0.0,0.0,io.netty.example.file.FileServer
HttpResponseClientHandler,0.0,0.0,3.3333333333333335,56,3,1,0.75,0,1,NaN,0.0,0.33333333333333337,0.01706796708320634,0.3,0.3333333333333333,0.75,0.0,0.125,io.netty.example.spdy.client.HttpResponseClientHandler
StompClientHandler,0.0,0.0,4.0,76,3,1,0.75,0,2,NaN,0.0,0.4,0.02316366961292289,0.3,0.3333333333333333,0.75,0.0,0.25,io.netty.example.stomp.StompClientHandler
TelnetClient,0.0,0.0,6.0,58,1,1,0.5,0,1,NaN,0.0,0.6,0.017677537336177995,0.1,0.3333333333333333,0.5,0.0,0.125,io.netty.example.telnet.TelnetClient
QuoteOfTheMomentServerHandler,0.0,0.0,1.25,40,4,1,1.0,0,0,NaN,0.0,0.125,0.0121914050594331,0.4,0.3333333333333333,1.0,0.0,0.0,io.netty.example.qotm.QuoteOfTheMomentServerHandler
ByteEchoPeerBase,0.0,1.0,1.0,45,1,1,0.5,0,0,NaN,1.0,0.1,0.013715330691862237,0.1,0.3333333333333333,0.5,0.0,0.0,io.netty.example.udt.echo.rendezvousBytes.ByteEchoPeerBase
Http2ServerInitializer,0.0,0.0,1.1666666666666667,63,3,1,0.25,0,3,NaN,0.0,0.11666666666666667,0.01920146296860713,0.3,0.3333333333333333,0.25,0.0,0.375,io.netty.example.http2.helloworld.server.Http2ServerInitializer
FallbackRequestHandler,0.0,0.0,1.3333333333333333,37,3,1,0.75,0,0,NaN,0.0,0.13333333333333333,0.011277049679975617,0.3,0.3333333333333333,0.75,0.0,0.0,io.netty.example.http2.tiles.FallbackRequestHandler
HttpHelloWorldServerInitializer,0.0,0.0,1.5,18,1,1,1.0,0,1,NaN,0.0,0.15,0.005486132276744895,0.1,0.3333333333333333,1.0,0.0,0.125,io.netty.example.http.helloworld.HttpHelloWorldServerInitializer
SpdyClientStreamIdHandler,0.0,0.0,2.0,24,2,1,0.666666667,0,0,NaN,0.0,0.2,0.00731484303565986,0.2,0.3333333333333333,0.666666667,0.0,0.0,io.netty.example.spdy.client.SpdyClientStreamIdHandler
SpdyServerHandler,0.0,0.0,2.0,41,3,0,0.75,0,0,NaN,0.0,0.2,0.012496190185918927,0.3,0.0,0.75,0.0,0.0,io.netty.example.spdy.server.SpdyServerHandler
FactorialClientInitializer,0.0,0.0,1.5,31,1,1,0.5,0,4,NaN,0.0,0.15,0.009448338921060652,0.1,0.3333333333333333,0.5,0.0,0.5,io.netty.example.factorial.FactorialClientInitializer
HttpUploadServerInitializer,0.0,0.0,1.5,25,1,1,1.0,0,1,NaN,0.0,0.15,0.007619628162145687,0.1,0.3333333333333333,1.0,0.0,0.125,io.netty.example.http.upload.HttpUploadServerInitializer
ByteEchoClientHandler,0.0,0.0,1.2,41,4,1,0.8,0,1,NaN,0.0,0.12,0.012496190185918927,0.4,0.3333333333333333,0.8,0.0,0.125,io.netty.example.udt.echo.bytes.ByteEchoClientHandler
HelloWorldHttp1Handler,0.0,0.0,1.6666666666666667,39,2,1,0.666666667,0,1,NaN,0.0,0.16666666666666669,0.011886619932947273,0.2,0.3333333333333333,0.666666667,0.0,0.125,io.netty.example.http2.helloworld.server.HelloWorldHttp1Handler
SecureChatClientInitializer,0.0,1.0,1.0,31,1,1,0.5,0,2,NaN,1.0,0.1,0.009448338921060652,0.1,0.3333333333333333,0.5,0.0,0.25,io.netty.example.securechat.SecureChatClientInitializer
FactorialClient,0.0,0.0,2.0,42,1,1,0.5,0,3,NaN,0.0,0.2,0.012800975312404754,0.1,0.3333333333333333,0.5,0.0,0.375,io.netty.example.factorial.FactorialClient
OkResponseHandler,0.0,1.0,1.0,12,1,0,0.5,0,0,NaN,1.0,0.1,0.00365742151782993,0.1,0.0,0.5,0.0,0.0,io.netty.example.http.cors.OkResponseHandler
SecureChatClient,0.0,0.0,5.0,53,1,1,0.5,0,2,NaN,0.0,0.5,0.016153611703748856,0.1,0.3333333333333333,0.5,0.0,0.25,io.netty.example.securechat.SecureChatClient
UptimeClientHandler,0.0,0.0,1.625,69,7,1,0.875,0,1,NaN,0.0,0.1625,0.021030173727522097,0.7,0.3333333333333333,0.875,0.0,0.125,io.netty.example.uptime.UptimeClientHandler
HexDumpProxyInitializer,0.0,1.0,1.0,17,1,1,1.0,0,1,NaN,1.0,0.1,0.0051813471502590676,0.1,0.3333333333333333,1.0,0.0,0.125,io.netty.example.proxy.HexDumpProxyInitializer
SpdyClient,0.0,0.0,2.0,69,1,1,0.5,0,2,NaN,0.0,0.2,0.021030173727522097,0.1,0.3333333333333333,0.5,0.0,0.25,io.netty.example.spdy.client.SpdyClient
Http2OrHttpHandler,0.0,0.0,1.6,36,3,0,0.75,0,2,NaN,0.0,0.16,0.01097226455348979,0.3,0.0,0.75,0.0,0.25,io.netty.example.http2.tiles.Http2OrHttpHandler
Config,0.0,1.0,1.0,15,0,0,0.0,0,0,NaN,1.0,0.1,0.004571776897287412,0.0,0.0,0.0,0.0,0.0,io.netty.example.udt.echo.rendezvous.Config
MsgEchoPeerHandler,0.0,0.0,1.2,40,4,1,0.8,0,0,NaN,0.0,0.12,0.0121914050594331,0.4,0.3333333333333333,0.8,0.0,0.0,io.netty.example.udt.echo.rendezvous.MsgEchoPeerHandler
WorldClockClientHandler,0.0,0.0,2.0,72,4,1,1.0,0,7,NaN,0.0,0.2,0.02194452910697958,0.4,0.3333333333333333,1.0,0.0,0.875,io.netty.example.worldclock.WorldClockClientHandler
FactorialServerHandler,0.0,1.0,1.0,31,3,1,0.75,0,0,NaN,1.0,0.1,0.009448338921060652,0.3,0.3333333333333333,0.75,0.0,0.0,io.netty.example.factorial.FactorialServerHandler
WorldClockClient,0.0,0.0,3.0,50,1,1,0.5,0,3,NaN,0.0,0.3,0.015239256324291375,0.1,0.3333333333333333,0.5,0.0,0.375,io.netty.example.worldclock.WorldClockClient
HttpStaticFileServerInitializer,0.0,0.0,1.5,20,1,1,1.0,0,1,NaN,0.0,0.15,0.00609570252971655,0.1,0.3333333333333333,1.0,0.0,0.125,io.netty.example.http.file.HttpStaticFileServerInitializer
EchoClientHandler,0.0,0.0,1.2,41,4,1,0.8,0,1,NaN,0.0,0.12,0.012496190185918927,0.4,0.3333333333333333,0.8,0.0,0.125,io.netty.example.echo.EchoClientHandler
SctpEchoServer,0.0,1.0,1.0,38,1,1,0.5,0,0,NaN,1.0,0.1,0.011581834806461445,0.1,0.3333333333333333,0.5,0.0,0.0,io.netty.example.sctp.SctpEchoServer
QuoteOfTheMomentClient,0.0,0.0,2.0,38,1,1,0.5,0,2,NaN,0.0,0.2,0.011581834806461445,0.1,0.3333333333333333,0.5,0.0,0.25,io.netty.example.qotm.QuoteOfTheMomentClient
EchoServerHandler,0.0,1.0,1.0,23,3,0,0.75,0,0,NaN,1.0,0.1,0.007010057909174032,0.3,0.0,0.75,0.0,0.0,io.netty.example.echo.EchoServerHandler
FactorialClientHandler,0.0,0.0,2.2857142857142856,84,5,3,0.833333333,0,1,NaN,0.0,0.22857142857142856,0.025601950624809508,0.5,1.0,0.833333333,0.0,0.125,io.netty.example.factorial.FactorialClientHandler
RxtxClient,0.0,1.0,1.0,33,1,1,0.5,0,0,NaN,1.0,0.1,0.010057909174032308,0.1,0.3333333333333333,0.5,0.0,0.0,io.netty.example.rxtx.RxtxClient
MsgEchoClient,0.0,1.0,1.0,45,1,1,0.5,0,0,NaN,1.0,0.1,0.013715330691862237,0.1,0.3333333333333333,0.5,0.0,0.0,io.netty.example.udt.echo.message.MsgEchoClient
FactorialServer,0.0,0.0,2.0,35,1,1,0.5,0,2,NaN,0.0,0.2,0.010667479427003962,0.1,0.3333333333333333,0.5,0.0,0.25,io.netty.example.factorial.FactorialServer
SpdyServerInitializer,0.0,1.0,1.0,19,1,1,0.5,0,1,NaN,1.0,0.1,0.005790917403230723,0.1,0.3333333333333333,0.5,0.0,0.125,io.netty.example.spdy.server.SpdyServerInitializer
HttpServer,0.0,1.0,1.0,35,1,1,0.5,0,0,NaN,1.0,0.1,0.010667479427003962,0.1,0.3333333333333333,0.5,0.0,0.0,io.netty.example.http2.tiles.HttpServer
SecureChatServerInitializer,0.0,1.0,1.0,31,1,1,0.5,0,1,NaN,1.0,0.1,0.009448338921060652,0.1,0.3333333333333333,0.5,0.0,0.125,io.netty.example.securechat.SecureChatServerInitializer
TelnetClientInitializer,0.0,0.0,1.5,33,1,1,0.5,0,2,NaN,0.0,0.15,0.010057909174032308,0.1,0.3333333333333333,0.5,0.0,0.25,io.netty.example.telnet.TelnetClientInitializer
WorldClockProtocol,0.0,1.0,1.9298245614035088,3281,2,1,1.0,0,0,NaN,1.0,0.19298245614035087,1.0,0.2,0.3333333333333333,1.0,0.0,0.0,io.netty.example.worldclock.WorldClockProtocol
ByteEchoServer,0.0,1.0,1.0,42,1,1,0.5,0,0,NaN,1.0,0.1,0.012800975312404754,0.1,0.3333333333333333,0.5,0.0,0.0,io.netty.example.udt.echo.bytes.ByteEchoServer
TelnetServer,0.0,0.0,2.0,34,1,1,0.5,0,1,NaN,0.0,0.2,0.010362694300518135,0.1,0.3333333333333333,0.5,0.0,0.125,io.netty.example.telnet.TelnetServer
LocalEchoClientHandler,0.0,1.0,1.0,14,2,0,1.0,0,0,NaN,1.0,0.1,0.004266991770801585,0.2,0.0,1.0,0.0,0.0,io.netty.example.localecho.LocalEchoClientHandler
SctpEchoClientHandler,0.0,0.0,1.2,41,4,1,0.8,0,1,NaN,0.0,0.12,0.012496190185918927,0.4,0.3333333333333333,0.8,0.0,0.125,io.netty.example.sctp.SctpEchoClientHandler
Html,0.0,0.0,1.5,57,3,2,0.75,0,2,NaN,0.0,0.15,0.017372752209692168,0.3,0.6666666666666666,0.75,0.0,0.25,io.netty.example.http2.tiles.Html
ObjectEchoClient,0.0,0.0,2.0,46,1,1,0.5,0,1,NaN,0.0,0.2,0.014020115818348064,0.1,0.3333333333333333,0.5,0.0,0.125,io.netty.example.objectecho.ObjectEchoClient
WebSocketClient,0.0,0.0,8.0,101,1,1,0.5,0,2,NaN,0.0,0.8,0.030783297775068576,0.1,0.3333333333333333,0.5,0.0,0.25,io.netty.example.http.websocketx.client.WebSocketClient
DirectClientHandler,0.0,1.0,1.0,19,2,1,1.0,0,0,NaN,1.0,0.1,0.005790917403230723,0.2,0.3333333333333333,1.0,0.0,0.0,io.netty.example.socksproxy.DirectClientHandler
SecureChatServerHandler,0.0,0.0,1.75,50,3,1,0.75,0,0,NaN,0.0,0.175,0.015239256324291375,0.3,0.3333333333333333,0.75,0.0,0.0,io.netty.example.securechat.SecureChatServerHandler
HttpHelloWorldServer,0.0,0.0,3.0,42,1,1,0.5,0,1,NaN,0.0,0.3,0.012800975312404754,0.1,0.3333333333333333,0.5,0.0,0.125,io.netty.example.http.helloworld.HttpHelloWorldServer
HttpUploadServer,0.0,0.0,3.0,39,1,1,0.5,0,1,NaN,0.0,0.3,0.011886619932947273,0.1,0.3333333333333333,0.5,0.0,0.125,io.netty.example.http.upload.HttpUploadServer
PortUnificationServerHandler,0.0,0.0,3.5454545454545454,109,9,1,0.9,0,4,NaN,0.0,0.35454545454545455,0.0332215787869552,0.9,0.3333333333333333,0.9,0.0,0.5,io.netty.example.portunification.PortUnificationServerHandler
SocksServerUtils,0.0,0.0,1.5,13,1,0,0.5,0,0,NaN,0.0,0.15,0.003962206644315757,0.1,0.0,0.5,0.0,0.0,io.netty.example.socksproxy.SocksServerUtils
HttpUploadServerHandler,0.0,0.0,5.625,351,8,1,0.888888889,0,0,NaN,0.0,0.5625,0.10697957939652544,0.8,0.3333333333333333,0.888888889,0.0,0.0,io.netty.example.http.upload.HttpUploadServerHandler
ObjectEchoServerHandler,0.0,1.0,1.0,23,3,0,0.75,0,0,NaN,1.0,0.1,0.007010057909174032,0.3,0.0,0.75,0.0,0.0,io.netty.example.objectecho.ObjectEchoServerHandler
HttpResponseHandler,0.0,0.0,3.25,71,3,1,0.25,0,0,NaN,0.0,0.325,0.02163974398049375,0.3,0.3333333333333333,0.25,0.0,0.0,io.netty.example.http2.helloworld.client.HttpResponseHandler
